{"QueueWaitingTimeMs":158.28980000000001,"ArkExecutionTimeMs":5474.1602000000003}